UID,first_name,last_name,email,gender,full_name
1,Jori,Panter,jpanter0@geocities.com,Female,Jori Panter
2,Dominga,Greim,dgreim1@fastcompany.com,Female,Dominga Greim
3,Deidre,Cleal,dcleal2@prlog.org,Female,Deidre Cleal
4,Mirna,Malan,mmalan3@google.fr,Female,Mirna Malan
5,Sebastian,Jack,sjack4@webs.com,Male,Sebastian Jack
6,Melvin,Grealey,mgrealey5@yandex.ru,Male,Melvin Grealey
7,Adelina,Tinwell,atinwell6@redcross.org,Female,Adelina Tinwell
8,Julia,Robelow,jrobelow7@friendfeed.com,Female,Julia Robelow
9,Rosella,Raw,rraw8@vimeo.com,Female,Rosella Raw
10,Eduino,Mingauld,emingauld9@wikia.com,Male,Eduino Mingauld
11,Faythe,Shurville,fshurvillea@springer.com,Female,Faythe Shurville
12,Philomena,Wickett,pwickettb@godaddy.com,Female,Philomena Wickett
13,Flin,Belfrage,fbelfragec@patch.com,Male,Flin Belfrage
14,Mireielle,Packe,mpacked@fastcompany.com,Female,Mireielle Packe
15,Catherine,Jewkes,cjewkese@ovh.net,Female,Catherine Jewkes
16,Siana,Falconbridge,sfalconbridgef@hp.com,Female,Siana Falconbridge
17,Haskel,Adin,hading@liveinternet.ru,Male,Haskel Adin
18,Vachel,Laurencot,vlaurencoth@smugmug.com,Male,Vachel Laurencot
19,Shannon,Lancley,slancleyi@surveymonkey.com,Female,Shannon Lancley
20,Katherine,Cummings,kcummingsj@homestead.com,Female,Katherine Cummings
21,Willis,Yearnsley,wyearnsleyk@amazon.co.uk,Male,Willis Yearnsley
22,Keeley,Comar,kcomarl@google.de,Female,Keeley Comar
23,Tedra,Lightbourn,tlightbournm@va.gov,Female,Tedra Lightbourn
24,Ashly,Dymick,adymickn@google.de,Female,Ashly Dymick
25,Ansley,Dumphy,adumphyo@aboutads.info,Female,Ansley Dumphy
26,Karisa,Roderham,kroderhamp@dion.ne.jp,Female,Karisa Roderham
27,Melany,Emmanuele,memmanueleq@alibaba.com,Female,Melany Emmanuele
28,Garry,Fores,gforesr@time.com,Male,Garry Fores
29,Torrin,Everly,teverlys@canalblog.com,Male,Torrin Everly
30,Mitchel,Michie,mmichiet@google.pl,Male,Mitchel Michie
31,Miner,Lambert-Ciorwyn,mlambertciorwynu@stanford.edu,Male,Miner Lambert-Ciorwyn
32,Barret,Petersen,bpetersenv@cafepress.com,Male,Barret Petersen
33,Kerianne,Delhay,kdelhayw@ning.com,Female,Kerianne Delhay
34,Olivia,Philipps,ophilippsx@sun.com,Female,Olivia Philipps
35,Caroline,Maybury,cmayburyy@soup.io,Female,Caroline Maybury
36,Hillel,Turone,hturonez@comcast.net,Male,Hillel Turone
37,Ryun,Maiklem,rmaiklem10@addthis.com,Male,Ryun Maiklem
38,Conni,Spitell,cspitell11@scientificamerican.com,Female,Conni Spitell
39,Lezlie,Scruton,lscruton12@github.io,Female,Lezlie Scruton
40,Dennie,Boadby,dboadby13@ebay.com,Female,Dennie Boadby
41,Stafani,Laslett,slaslett14@wufoo.com,Female,Stafani Laslett
42,Renell,Brunnen,rbrunnen15@columbia.edu,Female,Renell Brunnen
43,Burke,Behrendsen,bbehrendsen16@elegantthemes.com,Male,Burke Behrendsen
44,Sylas,Pepon,spepon17@forbes.com,Male,Sylas Pepon
45,Becky,Trodden,btrodden18@unesco.org,Female,Becky Trodden
46,Yorgos,Lampet,ylampet19@nhs.uk,Male,Yorgos Lampet
47,Garrick,Thunnercliff,gthunnercliff1a@oracle.com,Male,Garrick Thunnercliff
48,Marsh,Coopman,mcoopman1b@washington.edu,Male,Marsh Coopman
49,Rollie,Jakoubek,rjakoubek1c@phpbb.com,Male,Rollie Jakoubek
50,Victoir,McIntee,vmcintee1d@google.co.jp,Male,Victoir McIntee
